00135137;7302/13;189.9;113.94
00135122;7302/13;189.9;113.94
0013771;R03209/13;189.9;113.94
00137813;R03208/13;189.9;113.94
0013793;R03253/13;239.9;143.94
00137920;R03253/13;239.9;143.94
0013797;R03253/13;239.9;143.94
0013798;R03253/13;239.9;143.94
00137913;R03253/13;239.9;143.94
0016183;9223P/13;259.95;155.97
0016185;9223P/13;259.95;155.97
0016186;9223P/13;259.95;155.97
0016187;9223P/13;259.95;155.97
0016188;9223P/13;259.95;155.97
00161810;9223P/13;259.95;155.97
00161811;9223P/13;259.95;155.97
00162320;9837P/13;299.95;179.97
0016236;9837P/13;299.95;179.97
00162323;9837P/13;299.95;179.97
0016238;9837P/13;299.95;179.97
00162324;9837P/13;299.95;179.97
0016239;9837P/13;299.95;179.97
00162327;9837P/13;299.95;179.97
00162329;9837P/13;299.95;179.97
00162635;9210/13;189.95;113.97
00162641;9210/13;189.95;113.97
00162627;9210/13;189.95;113.97
00162733;9813R/13;249.95;149.97
00162719;9813R/13;249.95;149.97
00162736;9813R/13;249.95;149.97
00162721;9813R/13;249.95;149.97
00162737;9813R/13;249.95;149.97
00162738;9813R/13;249.95;149.97
00162739;9813R/13;249.95;149.97
0016278;9813R/13;249.95;149.97
00162710;9813R/13;249.95;149.97
00162743;9813R/13;249.95;149.97
00162711;9813R/13;249.95;149.97
00162729;9813R/13;249.95;149.97
00162713;9813R/13;249.95;149.97
0016302;Rehu/13;249.95;149.97
00163024;Rehu/13;249.95;149.97
00163015;Rehu/13;249.95;149.97
00163017;Rehu/13;249.95;149.97
0016332;AC/13;299.95;179.97
0508215;218028B03/13;599.9;359.94
0508216;218028B03/13;599.9;359.94
0508243;216102B12/13;319.9;191.94
0508244;216102B12/13;319.9;191.94
0508246;216102B12/13;319.9;191.94
0508247;216102B12/13;319.9;191.94
0508248;216102B12/13;319.9;191.94
0508249;216102B12/13;319.9;191.94
05082425;216102B12/13;319.9;191.94
05082410;216102B12/13;319.9;191.94
05082411;216102B12/13;319.9;191.94
05082427;216102B12/13;319.9;191.94
05083313;E480/13;179.9;107.94
0508367;E102/13;189.9;113.94
0508612;A62348A/13;59.9;35.94
0508614;A62348A/13;59.9;35.94
0508613;A62348A/13;59.9;35.94
0508611;A62348A/13;59.9;35.94
0508751;Right/13;499.9;299.94
0508753;Right/13;499.9;299.94
0508756;Right/13;499.9;299.94
0508757;Right/13;499.9;299.94
0508758;Right/13;499.9;299.94
0508759;Right/13;499.9;299.94
05087510;Right/13;499.9;299.94
05087511;Right/13;499.9;299.94
0509341;3207/13;229.9;137.94
05096517;9172/13;289.9;173.94
05096519;9172/13;289.9;173.94
05096521;9172/13;289.9;173.94
05096524;9172/13;289.9;173.94
05096525;9172/13;289.9;173.94
05096526;9172/13;289.9;173.94
05096527;9172/13;289.9;173.94
05096511;9172/13;289.9;173.94
05096529;9172/13;289.9;173.94
05096513;9172/13;289.9;173.94
05099315;LD13541/13;229.9;137.94
0510933;Miau/13;139.9;83.94
05109526;Roy/13;99.9;59.94
05109528;Roy/13;99.9;59.94
05109539;Roy/13;99.9;59.94
05109718;Tedy/13;209.9;125.94
05109711;Tedy/13;209.9;125.94
05109712;Tedy/13;209.9;125.94
05109714;Tedy/13;209.9;125.94
0511433;50227076/13;309.9;185.94
0511437;50227076/13;309.9;185.94
0511451;50227081/13;199.9;119.94
0511744;1002072/13;159.95;95.97
05118136;5800/13;189.95;113.97
0511812;5800/13;189.95;113.97
05118119;5800/13;189.95;113.97
0511814;5800/13;189.95;113.97
05123020;6880832/13;329.95;197.97
05123030;6880832/13;329.95;197.97
0513041;544/13;139.95;83.97
0514053;701/13;259.95;155.97
05140510;701/13;259.95;155.97
05140511;701/13;259.95;155.97
05146615;33021/13;139.95;83.97
05146714;36165/13;169.95;101.97
0515245;8244/13;189.95;113.97
05152423;8244/13;189.95;113.97
05152424;8244/13;189.95;113.97
05152426;8244/13;189.95;113.97
05152411;8244/13;189.95;113.97
05152427;8244/13;189.95;113.97
05152413;8244/13;189.95;113.97
05152429;8244/13;189.95;113.97
05160827;13630/13;269.95;161.97
05160828;13630/13;269.95;161.97
05160961;Catalux/13;79.95;47.97
05160947;Catalux/13;79.95;47.97
0517097;Bea/13;199.95;119.97
05174120;HE1023/40/13;69.95;41.97
05174113;HE1023/40/13;69.95;41.97
05174114;HE1023/40/13;69.95;41.97
05014626;5819/12;219.9;109.95
05014612;5819/12;219.9;109.95
05020212;8636/12;399.9;199.95
05062615;12563/12;219.9;109.95
05071097;346/12;119.95;59.98
05071055;346/12;119.95;59.98
05071090;346/12;119.95;59.98
050710111;346/12;119.95;59.98
0507107;346/12;119.95;59.98
05071028;346/12;119.95;59.98
0524147;Dove/4;109.95;76.97
0524155;Obert/4;99.95;69.97
05241621;Widas/4;109.9;76.93
0524169;Widas/4;109.9;76.93
05241613;Widas/4;109.9;76.93
05241629;Widas/4;109.9;76.93
05241722;Poncho KS/4;99.95;69.97
05241724;Poncho KS/4;99.95;69.97
05241729;Poncho KS/4;99.95;69.97
05241821;Poncho EX/4;119.95;83.97
0524185;Poncho EX/4;119.95;83.97
05241826;Poncho EX/4;119.95;83.97
05241829;Poncho EX/4;119.95;83.97
0524193;Peso/4;129.95;90.97
05241911;Peso/4;129.95;90.97
05242053;Park/4;109.95;76.97
05242037;Park/4;109.95;76.97
0524206;Park/4;109.95;76.97
05242057;Park/4;109.95;76.97
05242058;Park/4;109.95;76.97
05242026;Park/4;109.95;76.97
05242059;Park/4;109.95;76.97
05242043;Park/4;109.95;76.97
05242045;Park/4;109.95;76.97
05242013;Park/4;109.95;76.97
0016652;MAO904/4;239.95;167.97
0016653;MAO904/4;239.95;167.97
0016657;MAO904/4;239.95;167.97
0016662;MAO906/4;69.95;48.97
0016663;MAO906/4;69.95;48.97
0016667;MAO906/4;69.95;48.97
05236613;40R4SLHB5S/4;184.95;129.47
05259523;K1404684/4;109.95;76.97
05259528;K1404684/4;109.95;76.97
05259529;K1404684/4;109.95;76.97
05259513;K1404684/4;109.95;76.97
05259716;K1409220/4;139.95;97.97
0526009;1004247/4;119.95;83.97
05260014;1004247/4;119.95;83.97
0016902;7940/4;159.95;111.97
00170111;204.002.002/4;109.95;76.97
00171051;1859/4;199.95;139.97
00171019;1859/4;199.95;139.97
00171053;1859/4;199.95;139.97
00171054;1859/4;199.95;139.97
0017111;1818/4;199.95;139.97
0017141;9534/4;239.95;167.97
0017142;9534/4;239.95;167.97
00171515;9530/4;239.95;167.97
0017167;13227/4;239.95;167.97
0017221;27021/4;329.95;230.97
0017222;27021/4;329.95;230.97
0017223;27021/4;329.95;230.97
0017224;27021/4;329.95;230.97
0017331;10668a186/4;169.95;118.97
0017333;10668a186/4;169.95;118.97
0017336;10668a186/4;169.95;118.97
0017337;10668a186/4;169.95;118.97
00173311;10668a186/4;169.95;118.97
0017491;A334/4;269.95;188.97
0017503;P2703/4;149.95;104.97
0017543;V5564/4;159.95;111.97
0017544;V5564/4;159.95;111.97
0017585;S14173T/4;169.95;118.97
0516721;Lem09/4;249.95;174.97
0516722;Lem09/4;249.95;174.97
0516723;Lem09/4;249.95;174.97
0516799;Lea10/4;209.95;146.97
05167913;Lea10/4;209.95;146.97
0516795;Lea10/4;209.95;146.97
05167915;Lea10/4;209.95;146.97
0516797;Lea10/4;209.95;146.97
0516852;Sue10/4;229.95;160.97
0516853;Sue10/4;229.95;160.97
0516943;K3301317/4;229.95;160.97
0516947;K3301317/4;229.95;160.97
05169413;K3301317/4;229.95;160.97
0516955;BKE106221/4;219.95;153.97
0517142;Classic Zip/4;239.95;167.97
0517143;Classic Zip/4;239.95;167.97
0517157;Eskimo24/4;259.95;181.97
0517172;Cowboy/4;239.95;167.97
0517173;Cowboy/4;239.95;167.97
0517174;Cowboy/4;239.95;167.97
0517177;Cowboy/4;239.95;167.97
0517484;Ono2/4;259.95;181.97
0517491;Lily/4;219.95;153.97
0517496;Lily/4;219.95;153.97
0517497;Lily/4;219.95;153.97
0517517;A297/4;299.95;209.97
0517518;A297/4;299.95;209.97
0517526;A2851/4;269.95;188.97
0517527;A2851/4;269.95;188.97
0517528;A2851/4;269.95;188.97
0517537;A2852/4;359.95;251.97
0517538;A2852/4;359.95;251.97
05175311;A2852/4;359.95;251.97
05175313;A2852/4;359.95;251.97
05175813;10361/4;199.95;139.97
0517631;319069B04/4;479.95;335.97
0517635;319069B04/4;479.95;335.97
0517636;319069B04/4;479.95;335.97
05176311;319069B04/4;479.95;335.97
05176313;319069B04/4;479.95;335.97
0517645;118073B10/4;599.95;419.97
0517646;118073B10/4;599.95;419.97
05176413;118073B10/4;599.95;419.97
0517654;316269B02/4;329.95;230.97
0517655;316269B02/4;329.95;230.97
0517656;316269B02/4;329.95;230.97
0517657;316269B02/4;329.95;230.97
05176511;316269B02/4;329.95;230.97
0517663;316261B02/4;349.95;244.97
0517665;316261B02/4;349.95;244.97
0517666;316261B02/4;349.95;244.97
0517669;316261B02/4;349.95;244.97
05176610;316261B02/4;349.95;244.97
05176611;316261B02/4;349.95;244.97
05176613;316261B02/4;349.95;244.97
0517674;317021B04/4;379.95;265.97
0517675;317021B04/4;379.95;265.97
0517676;317021B04/4;379.95;265.97
0517678;317021B04/4;379.95;265.97
05176711;317021B04/4;379.95;265.97
05176713;317021B04/4;379.95;265.97
05177045;49783/4;159.95;111.97
05177029;49783/4;159.95;111.97
0517767;Aymen/4;279.95;195.97
0517889;Kansas/4;349.95;244.97
0517881;Kansas/4;349.95;244.97
05178810;Kansas/4;349.95;244.97
0517882;Kansas/4;349.95;244.97
05178811;Kansas/4;349.95;244.97
0517883;Kansas/4;349.95;244.97
05178812;Kansas/4;349.95;244.97
0517884;Kansas/4;349.95;244.97
0517885;Kansas/4;349.95;244.97
05178814;Kansas/4;349.95;244.97
05178815;Kansas/4;349.95;244.97
0517902;Kendra/4;319.95;223.97
0517907;Kendra/4;319.95;223.97
0517922;Trash/4;299.99;209.99
0517923;Trash/4;299.99;209.99
0517924;Trash/4;299.99;209.99
0517925;Trash/4;299.99;209.99
0517926;Trash/4;299.99;209.99
0517951;27009/4;239.95;167.97
0517953;27009/4;239.95;167.97
0517956;27009/4;239.95;167.97
0517985;S63001T/4;199.95;139.97
0517986;S63001T/4;199.95;139.97
05179823;S63001T/4;199.95;139.97
05179815;S63001T/4;199.95;139.97
0517992;S63021P/4;269.95;188.97
0517994;S63021P/4;269.95;188.97
0517995;S63021P/4;269.95;188.97
0518051;I5635/4;549.95;384.97
05180510;I5635/4;549.95;384.97
05180513;I5635/4;549.95;384.97
0518074;9220B/4;169.95;118.97
0518075;9220B/4;169.95;118.97
0518077;9220B/4;169.95;118.97
05180710;9220B/4;169.95;118.97
05180713;9220B/4;169.95;118.97
0518105;9865P/4;259.95;181.97
0518107;9865P/4;259.95;181.97
0518127;9866/4;299.95;209.97
05181210;9866/4;299.95;209.97
05181213;9866/4;299.95;209.97
0518163;56027/4;219.95;153.97
0518203;Glamoros/4;329.95;230.97
05182021;Glamoros/4;329.95;230.97
05182024;Glamoros/4;329.95;230.97
05182011;Glamoros/4;329.95;230.97
05182029;Glamoros/4;329.95;230.97
0518229;Cufference/4;399.95;279.97
05182210;Cufference/4;399.95;279.97
05182620;5050/4;549.95;384.97
05182653;5050/4;549.95;384.97
05182637;5050/4;549.95;384.97
0518265;5050/4;549.95;384.97
05182638;5050/4;549.95;384.97
05182615;5050/4;549.95;384.97
05182810;Firstprize/4;379.95;265.97
05182811;Firstprize/4;379.95;265.97
05182813;Firstprize/4;379.95;265.97
05183410;E182/4;499.95;349.97
0518433;Deluxe/4;319.95;223.97
0518435;Deluxe/4;319.95;223.97
0518437;Deluxe/4;319.95;223.97
0518464;Karmina/4;169.95;118.97
0518467;Karmina/4;169.95;118.97
0518487;H123/4;119.95;83.97
05186524;40T3SLHE6H/4;224.95;157.47
05186527;40T3SLHE6H/4;224.95;157.47
05186529;40T3SLHE6H/4;224.95;157.47
05186613;40T3YOHP1Q/4;124.95;87.47
05186813;FL1EIE/4;154.95;108.47
0518686;FL1EIE/4;154.95;108.47
05186814;FL1EIE/4;154.95;108.47
05186815;FL1EIE/4;154.95;108.47
0518702;FL1TAY/4;184.95;129.47
0518703;FL1TAY/4;184.95;129.47
0518704;FL1TAY/4;184.95;129.47
0518705;FL1TAY/4;184.95;129.47
0518706;FL1TAY/4;184.95;129.47
0518724;FL1JOD/4;129.95;90.97
0518725;FL1JOD/4;129.95;90.97
0518726;FL1JOD/4;129.95;90.97
05188319;40RDPHP1L/4;174.95;122.47
05188320;40RDPHP1L/4;174.95;122.47
0518835;40RDPHP1L/4;174.95;122.47
0518881;HWSTUDL4106/4;299.95;209.97
0518913;SWSTUDL4159/4;99.95;69.97
0518911;SWSTUDL4159/4;99.95;69.97
0518931;HWSG4368060/4;159.9;111.93
0519246;40F3ALFB5L/4;324.95;227.47
0519247;40F3ALFB5L/4;324.95;227.47
0519253;40F3ALFR2L/4;149.95;104.97
0519256;40F3ALFR2L/4;149.95;104.97
05192835;40F3CNHP1S/4;149.95;104.97
05192845;40F3CNHP1S/4;149.95;104.97
05192813;40F3CNHP1S/4;149.95;104.97
0519521;40F3BRH7S/4;274.95;192.47
0519525;40F3BRH7S/4;274.95;192.47
0519529;40F3BRH7S/4;274.95;192.47
05195211;40F3BRH7S/4;274.95;192.47
05195213;40F3BRH7S/4;274.95;192.47
0519661;41941c428/4;169.95;118.97
05196611;41941c428/4;169.95;118.97
05196613;41941c428/4;169.95;118.97
0519672;LU24721/4;284.95;199.47
0519697;LU25502/4;274.95;192.47
0519704;LU25422/4;259.95;181.97
0519705;LU25422/4;259.95;181.97
0519706;LU25422/4;259.95;181.97
0519707;LU25422/4;259.95;181.97
0519712;LU25413/4;309.95;216.97
0519713;LU25413/4;309.95;216.97
0519715;LU25413/4;309.95;216.97
05197115;LU25413/4;309.95;216.97
0519716;LU25413/4;309.95;216.97
0519732;JA10240G/4;229.95;160.97
0519733;JA10240G/4;229.95;160.97
0519735;JA10240G/4;229.95;160.97
0519736;JA10240G/4;229.95;160.97
0519737;JA10240G/4;229.95;160.97
0519745;JA26144G/4;299.95;209.97
0519746;JA26144G/4;299.95;209.97
0519924;JA24174G/4;329.95;230.97
0519925;JA24174G/4;329.95;230.97
0519926;JA24174G/4;329.95;230.97
0520053;D34G1A/4;179.95;125.97
0520068;3040831/4;299.95;209.97
0520069;3040831/4;299.95;209.97
05200611;3040831/4;299.95;209.97
05200710;83009/4;299.95;209.97
05200711;83009/4;299.95;209.97
0520253;GM07/4;149.95;104.97
0520476;50249333/4;179.95;125.97
05204711;50249333/4;179.95;125.97
0520522;105T80/4;144.95;101.47
0520523;105T80/4;144.95;101.47
0520524;105T80/4;144.95;101.47
0520525;105T80/4;144.95;101.47
0520526;105T80/4;144.95;101.47
0520527;105T80/4;144.95;101.47
0520532;160T80/4;159.95;111.97
0520534;160T80/4;159.95;111.97
0520535;160T80/4;159.95;111.97
0520537;160T80/4;159.95;111.97
0520544;103T41/4;159.95;111.97
0520547;103T41/4;159.95;111.97
05205511;103T60/4;145.95;102.17
05205512;103T60/4;145.95;102.17
0520554;103T60/4;145.95;102.17
0520556;103T60/4;145.95;102.17
0520557;103T60/4;145.95;102.17
0520601;615T36/4;159.95;111.97
0520602;615T36/4;159.95;111.97
05206011;615T36/4;159.95;111.97
05206012;615T36/4;159.95;111.97
0520607;615T36/4;159.95;111.97
0520633;293T10/4;299.95;209.97
05206515;Umin/4;149.95;104.97
05206523;Umin/4;149.95;104.97
0520666;Roas/4;119.95;83.97
0520667;Roas/4;119.95;83.97
0520672;Peli/4;159.95;111.97
0520673;Peli/4;159.95;111.97
0520674;Peli/4;159.95;111.97
0520675;Peli/4;159.95;111.97
0520676;Peli/4;159.95;111.97
0520677;Peli/4;159.95;111.97
0520682;Bela/4;104.95;73.47
0520683;Bela/4;104.95;73.47
0520685;Bela/4;104.95;73.47
05206815;Bela/4;104.95;73.47
0520687;Bela/4;104.95;73.47
05206816;Bela/4;104.95;73.47
0520688;Bela/4;104.95;73.47
05207213;Patini/4;114.95;80.47
0520739;Prepy/4;159.95;111.97
0520735;Prepy/4;159.95;111.97
05207313;Prepy/4;159.95;111.97
05207314;Prepy/4;159.95;111.97
0520753;Seven/4;159.95;111.97
0520754;Seven/4;159.95;111.97
05207618;Prima/4;109.95;76.97
05207611;Prima/4;109.95;76.97
05207627;Prima/4;109.95;76.97
0520763;Prima/4;109.95;76.97
05207612;Prima/4;109.95;76.97
05207628;Prima/4;109.95;76.97
05207613;Prima/4;109.95;76.97
05207615;Prima/4;109.95;76.97
05207623;Prima/4;109.95;76.97
0520767;Prima/4;109.95;76.97
05207810;Pau/4;134.95;94.47
05208421;454B/4;289.95;202.97
0520846;454B/4;289.95;202.97
0520873;590/4;219.95;153.97
0520875;590/4;219.95;153.97
0520877;590/4;219.95;153.97
0521142;1003330/4;149.95;104.97
0521143;1003330/4;149.95;104.97
0521144;1003330/4;149.95;104.97
0521146;1003330/4;149.95;104.97
05211523;1004223/4;109.95;76.97
0521184;1003360/4;159.95;111.97
05212016;60430/4;129.95;90.97
0521256;5117/N/4;189.95;132.97
05214311;40S4GUHA1L/4;174.95;122.47
05214313;40S4GUHA1L/4;174.95;122.47
0521447;40S4KDFA4Q/4;74.95;52.47
05215035;40T2FUFR1L/4;109.95;76.97
05215041;40T2FUFR1L/4;109.95;76.97
05215059;40T2FUFR1L/4;109.95;76.97
05215061;40T2FUFR1L/4;109.95;76.97
05215045;40T2FUFR1L/4;109.95;76.97
0521795;67020/4;259.95;181.97
05217911;67020/4;259.95;181.97
0521831;Houston/4;239.95;167.97
05218311;Houston/4;239.95;167.97
05218411;Megeve/4;239.95;167.97
05218510;Kitzbuhel/4;319.95;223.97
0521853;Kitzbuhel/4;319.95;223.97
05218514;Kitzbuhel/4;319.95;223.97
05218515;Kitzbuhel/4;319.95;223.97
05218516;Kitzbuhel/4;319.95;223.97
0521869;Glitzbuhel/4;299.95;209.97
05218611;Glitzbuhel/4;299.95;209.97
05218614;Glitzbuhel/4;299.95;209.97
0521867;Glitzbuhel/4;299.95;209.97
05220021;1003274/4;259.95;181.97
05220219;1003945/4;169.95;118.97
0522022;1003945/4;169.95;118.97
05220221;1003945/4;169.95;118.97
0522024;1003945/4;169.95;118.97
05220820;542440C/4;89.95;62.97
0522143;Albert/4;229.95;160.97
0522149;Albert/4;229.95;160.97
05221413;Albert/4;229.95;160.97
0522153;Scott/4;219.95;153.97
0522159;Scott/4;219.95;153.97
05221515;Scott/4;219.95;153.97
0522163;Runner2/4;239.95;167.97
0522164;Runner2/4;239.95;167.97
0522166;Runner2/4;239.95;167.97
05221811;Runner1/4;219.95;153.97
0522216;Kaoiri1/4;229.95;160.97
05222111;Kaoiri1/4;229.95;160.97
05222113;Kaoiri1/4;229.95;160.97
0522225;Kaoiri2/4;259.95;181.97
0522226;Kaoiri2/4;259.95;181.97
0522228;Kaoiri2/4;259.95;181.97
05222210;Kaoiri2/4;259.95;181.97
05222215;Kaoiri2/4;259.95;181.97
0522233;Lana/4;189.95;132.97
0522237;Lana/4;189.95;132.97
05222519;Belty/4;199.95;139.97
05222521;Belty/4;199.95;139.97
0522255;Belty/4;199.95;139.97
05222524;Belty/4;199.95;139.97
05222525;Belty/4;199.95;139.97
05222515;Belty/4;199.95;139.97
05222730;M373/4;79.95;55.97
0522314;V6544/4;64.95;45.47
05223310;V6561/4;59.95;41.97
05223312;V6561/4;59.95;41.97
05223313;V6561/4;59.95;41.97
05223314;V6561/4;59.95;41.97
0522336;V6561/4;59.95;41.97
0522418;Slim Animals/4;30.95;21.67
0522694;FL2AS2/4;159.95;111.97
0522695;FL2AS2/4;159.95;111.97
0522698;FL2AS2/4;159.95;111.97
0522716;FL2HE5/4;149.95;104.97
0522723;FL2RY2/4;169.95;118.97
0522727;FL2RY2/4;169.95;118.97
0522773;FL5FN2/4;139.95;97.97
0522774;FL5FN2/4;139.95;97.97
0522775;FL5FN2/4;139.95;97.97
0522776;FL5FN2/4;139.95;97.97
0522791;FL5HO2/4;164.95;115.47
0522794;FL5HO2/4;164.95;115.47
05260311;1004297/4;119.95;83.97
05260312;1004297/4;119.95;83.97
05260313;1004297/4;119.95;83.97
05260314;1004297/4;119.95;83.97
0526045;1004847/4;109.95;76.97
0526047;1004847/4;109.95;76.97
0526053;1005311/4;119.95;83.97
05182639;5050/4;549.95;384.97
05182640;5050/4;549.95;384.97
0518268;5050/4;549.95;384.97
05182627;5050/4;549.95;384.97
05182611;5050/4;549.95;384.97
0518281;Firstprize/4;379.95;265.97
0518287;Firstprize/4;379.95;265.97
0518288;Firstprize/4;379.95;265.97
00177821;J2021/4;169.95;118.97
00177822;J2021/4;169.95;118.97
00177823;J2021/4;169.95;118.97
00177810;J2021/4;169.95;118.97
00177826;J2021/4;169.95;118.97
00177813;J2021/4;169.95;118.97
00178012;S2447/4;269.95;188.97
00178013;S2447/4;269.95;188.97
0017806;S2447/4;269.95;188.97
00178014;S2447/4;269.95;188.97
0017807;S2447/4;269.95;188.97
0017847;S2404/4;239.95;167.97
0017851;S2559/4;239.95;167.97
0017852;S2559/4;239.95;167.97
0017853;S2559/4;239.95;167.97
0017855;S2559/4;239.95;167.97
0017856;S2559/4;239.95;167.97
0017916;3127/4;239.95;167.97
0017925;3126/4;239.95;167.97
0017926;3126/4;239.95;167.97
0017885;8634/4;299.95;209.97
0017912;3127/4;239.95;167.97
0523281;30S4GHSS3B/4;394.95;276.47
0523382;32S4GBFZ1L/4;109.95;76.97
0523383;32S4GBFZ1L/4;109.95;76.97
0523433;A1959/4;399.95;279.97
0523437;A1959/4;399.95;279.97
05234329;A1959/4;399.95;279.97
05234410;A1262/4;359.95;251.97
05234413;A1262/4;359.95;251.97
05234513;PEV082/4;289.95;202.97
0523463;PEK082/4;339.95;237.97
05234611;PEK082/4;339.95;237.97
00177425;9016/4;159.95;111.97
00177426;9016/4;159.95;111.97
00177427;9016/4;159.95;111.97
00177413;9016/4;159.95;111.97
0523527;PA07/4;319.95;223.97
0523531;9301/4;149.95;104.97
05235319;9301/4;149.95;104.97
05235321;9301/4;149.95;104.97
0523535;9301/4;149.95;104.97
0523536;9301/4;149.95;104.97
0523537;9301/4;149.95;104.97
0523538;9301/4;149.95;104.97
05235325;9301/4;149.95;104.97
0523539;9301/4;149.95;104.97
05235326;9301/4;149.95;104.97
05235310;9301/4;149.95;104.97
05235327;9301/4;149.95;104.97
05235311;9301/4;149.95;104.97
05235329;9301/4;149.95;104.97
05235313;9301/4;149.95;104.97
0523541;8507/4;179.95;125.97
0523543;8507/4;179.95;125.97
0523549;8507/4;179.95;125.97
05235411;8507/4;179.95;125.97
05235413;8507/4;179.95;125.97
05235415;8507/4;179.95;125.97
05235610;9010/4;149.95;104.97
0523576;9070/4;159.95;111.97
0523585;9695/4;149.95;104.97
0523587;9695/4;149.95;104.97
0523593;53089/4;159.95;111.97
00177817;J2021/4;169.95;118.97
0017784;J2021/4;169.95;118.97
05236619;40R4SLHB5S/4;184.95;129.47
0523665;40R4SLHB5S/4;184.95;129.47
05236624;40R4SLHB5S/4;184.95;129.47
0523669;40R4SLHB5S/4;184.95;129.47
05236611;40R4SLHB5S/4;184.95;129.47
0523712;GDAS6AB5/4;209.95;146.97
0523717;GDAS6AB5/4;209.95;146.97
0523731;A353/4;339.95;237.97
0523733;A353/4;339.95;237.97
0523736;A353/4;339.95;237.97
05237313;A353/4;339.95;237.97
05237315;A353/4;339.95;237.97
0523743;A358/4;299.95;209.97
05237413;A358/4;299.95;209.97
0523804;1002/4;179.95;125.97
0523807;1002/4;179.95;125.97
05238013;1002/4;179.95;125.97
0523814;B1788/4;219.95;153.97
0523812;B1788/4;219.95;153.97
0523823;1514/4;199.95;139.97
0523836;1003/4;169.95;118.97
05238439;1708P/4;199.95;139.97
05238423;1708P/4;199.95;139.97
0523849;1708P/4;199.95;139.97
05238425;1708P/4;199.95;139.97
05238410;1708P/4;199.95;139.97
05238426;1708P/4;199.95;139.97
05238443;1708P/4;199.95;139.97
05238419;1708P/4;199.95;139.97
05238420;1708P/4;199.95;139.97
05238437;1708P/4;199.95;139.97
05238421;1708P/4;199.95;139.97
05238411;1708P/4;199.95;139.97
05238427;1708P/4;199.95;139.97
05238445;1708P/4;199.95;139.97
05238413;1708P/4;199.95;139.97
05238429;1708P/4;199.95;139.97
0523853;1315/4;189.95;132.97
0523854;1315/4;189.95;132.97
0523856;1315/4;189.95;132.97
0523857;1315/4;189.95;132.97
0523858;1315/4;189.95;132.97
0523859;1315/4;189.95;132.97
05238510;1315/4;189.95;132.97
05238513;1315/4;189.95;132.97
0523863;1320/4;259.95;181.97
0523865;1320/4;259.95;181.97
0523866;1320/4;259.95;181.97
0523867;1320/4;259.95;181.97
0523869;1320/4;259.95;181.97
05238610;1320/4;259.95;181.97
05238613;1320/4;259.95;181.97
00179926;4969/4;159.95;111.97
05241320;Dori/4;99.95;69.97
05239019;1257/4;199.95;139.97
05239025;1257/4;199.95;139.97
05239026;1257/4;199.95;139.97
05239027;1257/4;199.95;139.97
05239029;1257/4;199.95;139.97
0523923;1248/4;179.95;125.97
05239310;1763P/4;199.95;139.97
0523943;1213/4;189.95;132.97
0523949;1213/4;189.95;132.97
05239410;1213/4;189.95;132.97
05239413;1213/4;189.95;132.97
0523957;1401/4;189.95;132.97
0523958;1401/4;189.95;132.97
0523959;1401/4;189.95;132.97
05239511;1401/4;189.95;132.97
05239513;1401/4;189.95;132.97
0524225;Magin/4;109.95;76.97
05236824;MMFWZ/4;109.95;76.97
05236815;MMFWZ/4;109.95;76.97
0523686;MMFWZ/4;109.95;76.97
05236825;MMFWZ/4;109.95;76.97
0523692;SPLU/4;264.95;185.47
05236911;SPLU/4;264.95;185.47
0522718;FL2HE5/4;149.95;104.97
05227111;FL2HE5/4;149.95;104.97
05227113;FL2HE5/4;149.95;104.97
0524451;Jalouse/4;164.95;115.47
0524452;Jalouse/4;164.95;115.47
0524454;Jalouse/4;164.95;115.47
0524456;Jalouse/4;164.95;115.47
0524457;Jalouse/4;164.95;115.47
0524463;Ilka/4;174.95;122.47
0524472;Quito/4;224.95;157.47
0524474;Quito/4;224.95;157.47
05244811;Maskara/4;174.95;122.47
0524484;Maskara/4;174.95;122.47
05244812;Maskara/4;174.95;122.47
0524486;Maskara/4;174.95;122.47
05244814;Maskara/4;174.95;122.47
0524502;Neroli/4;149.95;104.97
05245010;Neroli/4;149.95;104.97
0524503;Neroli/4;149.95;104.97
05245011;Neroli/4;149.95;104.97
05245012;Neroli/4;149.95;104.97
0524505;Neroli/4;149.95;104.97
05245015;Neroli/4;149.95;104.97
0524521;Vertigo/4;114.95;80.47
0524522;Vertigo/4;114.95;80.47
0524526;Vertigo/4;114.95;80.47
0018017;TFLD/4;214.95;150.47
00180251;K-Tees/4;64.95;45.47
00180211;K-Tees/4;64.95;45.47
00180227;K-Tees/4;64.95;45.47
00180243;K-Tees/4;64.95;45.47
00180261;K-Tees/4;64.95;45.47
00180215;K-Tees/4;64.95;45.47
00180231;K-Tees/4;64.95;45.47
00180216;K-Tees/4;64.95;45.47
0524563;2629/4;139.95;97.97
0524567;2629/4;139.95;97.97
0524575;326162B02/4;229.95;160.97
0524576;326162B02/4;229.95;160.97
0524577;326162B02/4;229.95;160.97
05245726;326162B02/4;229.95;160.97
05245713;326162B02/4;229.95;160.97
0524603;327047B01/4;379.95;265.97
0524605;327047B01/4;379.95;265.97
0524606;327047B01/4;379.95;265.97
0524608;327047B01/4;379.95;265.97
05246015;327047B01/4;379.95;265.97
05246311;326174B03/4;359.95;251.97
05246313;326174B03/4;359.95;251.97
0524643;326070B04/4;359.95;251.97
0524648;326070B04/4;359.95;251.97
0524649;326070B04/4;359.95;251.97
05246411;326070B04/4;359.95;251.97
05246413;326070B04/4;359.95;251.97
0524651;32B036B05/4;329.95;230.97
0524652;32B036B05/4;329.95;230.97
0524718;CTS4RN/4;249.95;174.97
0524787;Treasure/4;249.95;174.97
0524873;Higness/4;379.95;265.97
0524876;Higness/4;379.95;265.97
0524877;Higness/4;379.95;265.97
0524879;Higness/4;379.95;265.97
05248811;Perfduo/4;289.95;202.97
05248812;Perfduo/4;289.95;202.97
0524894;Ringsling/4;369.95;258.97
0524896;Ringsling/4;369.95;258.97
0524904;ZipitZ/4;359.95;251.97
0524906;ZipitZ/4;359.95;251.97
0524909;ZipitZ/4;359.95;251.97
05249010;ZipitZ/4;359.95;251.97
05249011;ZipitZ/4;359.95;251.97
0524929;Gladiator/4;339.95;237.97
05249213;Gladiator/4;339.95;237.97
0524934;Kittycat/4;319.95;223.97
05249310;Kittycat/4;319.95;223.97
05249311;Kittycat/4;319.95;223.97
0524943;Nouveau/4;319.95;223.97
0524944;Nouveau/4;319.95;223.97
0524946;Nouveau/4;319.95;223.97
0524954;Solo/4;299.95;209.97
0525065;462Z00BK/4;199.95;139.97
0525073;461Z00BK/4;194.95;136.47
0525074;461Z00BK/4;194.95;136.47
0525076;461Z00BK/4;194.95;136.47
0525082;348Z95BK/4;179.95;125.97
0525083;348Z95BK/4;179.95;125.97
0525085;348Z95BK/4;179.95;125.97
0525086;348Z95BK/4;179.95;125.97
0525087;348Z95BK/4;179.95;125.97
0525097;SS1420S386/4;144.95;101.47
0525152;SS1417S332/4;94.95;66.47
0525171;56069/4;219.95;153.97
0525205;56064/4;269.95;188.97
0525212;56066/4;269.95;188.97
0525182;56068/4;289.95;202.97
0525183;56068/4;289.95;202.97
0525184;56068/4;289.95;202.97
0525186;56068/4;289.95;202.97
0525187;56068/4;289.95;202.97
0525193;56067/4;214.95;150.47
0525215;56066/4;269.95;188.97
0525352;JA11111/4;169.95;118.97
0525353;JA11111/4;169.95;118.97
0525355;JA11111/4;169.95;118.97
0525356;JA11111/4;169.95;118.97
0525357;JA11111/4;169.95;118.97
0525363;JA15092/4;169.95;118.97
0525364;JA15092/4;169.95;118.97
0525365;JA15092/4;169.95;118.97
0525366;JA15092/4;169.95;118.97
0525367;JA15092/4;169.95;118.97
0525371;JA16411G/4;109.95;76.97
0525383;CA16272/4;299.95;209.97
0525384;CA16272/4;299.95;209.97
0525385;CA16272/4;299.95;209.97
0525394;CA16262/4;339.95;237.97
0525395;CA16262/4;339.95;237.97
0525396;CA16262/4;339.95;237.97
0525397;CA16262/4;339.95;237.97
0018063;CA1648/4;399.95;279.97
0018064;CA1648/4;399.95;279.97
0018065;CA1648/4;399.95;279.97
0018066;CA1648/4;399.95;279.97
0525413;LU26701/4;234.95;164.47
0525416;LU26701/4;234.95;164.47
0525422;LU26821/4;234.95;164.47
05254515;LD16631/4;259.95;181.97
0525463;LD16301/4;229.95;160.97
0525482;30505/4;159.95;111.97
0525483;30505/4;159.95;111.97
0525484;30505/4;159.95;111.97
0018092;A64/4;109.95;76.97
0018093;A64/4;109.95;76.97
0018094;A64/4;109.95;76.97
0018095;A64/4;109.95;76.97
0018097;A64/4;109.95;76.97
0018102;CB1021/4;179.95;125.97
0018104;CB1021/4;179.95;125.97
0018105;CB1021/4;179.95;125.97
0018106;CB1021/4;179.95;125.97
0018124;RF300004L/4;79.95;55.97
0018125;RF300004L/4;79.95;55.97
05255115;50263061/4;269.95;188.97
05255211;50240022/4;75.95;53.17
05255112;50263061/4;269.95;188.97
05255415;50261722/4;129.95;90.97
0525572;50261215/4;189.95;132.97
0525577;50261215/4;189.95;132.97
05255311;50260428/4;149.95;104.97
0525622;50262197/4;149.95;104.97
0525623;50262197/4;149.95;104.97
0525624;50262197/4;149.95;104.97
0525625;50262197/4;149.95;104.97
0525627;50262197/4;149.95;104.97
0525633;50262358/4;129.95;90.97
0525691;5113/4;199.95;139.97
0525694;5113/4;199.95;139.97
0525697;5113/4;199.95;139.97
0525701;2206/4;159.95;111.97
05257013;2206/4;159.95;111.97
05257133;Ring/4;159.95;111.97
05257135;Ring/4;159.95;111.97
05257137;Ring/4;159.95;111.97
05257138;Ring/4;159.95;111.97
05257142;Ring/4;159.95;111.97
05257143;Ring/4;159.95;111.97
0525751;50138409/4;79.95;55.97
0525752;50138409/4;79.95;55.97
05257736;24178/1/4;79.95;55.97
05257721;24178/1/4;79.95;55.97
05257722;24178/1/4;79.95;55.97
05257738;24178/1/4;79.95;55.97
05257723;24178/1/4;79.95;55.97
05257725;24178/1/4;79.95;55.97
05257727;24178/1/4;79.95;55.97
0525783;551373/4;99.95;69.97
05257820;551373/4;99.95;69.97
0525784;551373/4;99.95;69.97
05257822;551373/4;99.95;69.97
0525793;530273/4;119.95;83.97
0525797;530273/4;119.95;83.97
05257913;530273/4;119.95;83.97
05258020;663273/4;109.95;76.97
0525806;663273/4;109.95;76.97
05258026;663273/4;109.95;76.97
05258029;663273/4;109.95;76.97
0525867;23140522/4;109.95;76.97
0525868;23140522/4;109.95;76.97
0525869;23140522/4;109.95;76.97
0525003;447Z30BK/4;179.95;125.97
0525004;447Z30BK/4;179.95;125.97
0525005;447Z30BK/4;179.95;125.97
0525062;462Z00BK/4;199.95;139.97
0526234;34198/4;189.95;132.97
0526242;34195/4;219.95;153.97
0526256;53088/4;149.95;104.97
0526257;53088/4;149.95;104.97
0526272;55006/4;159.95;111.97
0526316;L070/4;149.95;104.97
0526317;L070/4;149.95;104.97
0526322;L477/4;139.95;97.97
05263212;L477/4;139.95;97.97
05263215;L477/4;139.95;97.97
0526347;L440/4;109.95;76.97
05263610;L474/4;129.95;90.97
0526367;L474/4;129.95;90.97
05263615;L474/4;129.95;90.97
0526056;1005311/4;119.95;83.97
0526083;1004253/4;119.95;83.97
0526086;1004253/4;119.95;83.97
0526087;1004253/4;119.95;83.97
0526112;1004327/4;49.95;34.97
05261112;1004327/4;49.95;34.97
05261121;1004327/4;49.95;34.97
05261123;1004327/4;49.95;34.97
0526103;1004285/4;99.95;69.97
0526119;1004327/4;49.95;34.97
05261118;1004327/4;49.95;34.97
05261110;1004327/4;49.95;34.97
0526513;Rockem/4;329.95;230.97
0526514;Rockem/4;329.95;230.97
0526515;Rockem/4;329.95;230.97
0526516;Rockem/4;329.95;230.97
0526549;726/4;169.95;118.97
05265427;726/4;169.95;118.97
0526554;700BG/4;179.95;125.97
0526555;700BG/4;179.95;125.97
05265511;700BG/4;179.95;125.97
0526571;856G/4;179.95;125.97
0526575;856G/4;179.95;125.97
0526581;548X/4;229.95;160.97
0526583;548X/4;229.95;160.97
0526585;548X/4;229.95;160.97
0526586;548X/4;229.95;160.97
0526589;548X/4;229.95;160.97
05265810;548X/4;229.95;160.97
05265811;548X/4;229.95;160.97
0526663;026RSS14/4;69.99;48.99
0526685;018RSS14/4;79.99;55.99
05266913;33503/4;59.95;41.97
0526847;044941/4;79.95;55.97
0526866;Alan/4;149.95;104.97
0526867;Alan/4;149.95;104.97
0526882;Landom/4;129.95;90.97
05268810;Landom/4;129.95;90.97
05268811;Landom/4;129.95;90.97
05268812;Landom/4;129.95;90.97
05268814;Landom/4;129.95;90.97
0526926;Cal01/4;119.95;83.97
0018216;GardaPyth/4;599.95;419.97
0018226;Marostica/4;289.95;202.97
05269311;Cal02/4;129.95;90.97
0526933;Cal02/4;129.95;90.97
0526934;Cal02/4;129.95;90.97
0526935;Cal02/4;129.95;90.97
0526936;Cal02/4;129.95;90.97
05269510;Albert2/4;209.95;146.97
05269515;Albert2/4;209.95;146.97
0526968;Obert2/4;109.95;76.97
05269622;Obert2/4;109.95;76.97
0527013;Owain/4;99.95;69.97
0527016;Owain/4;99.95;69.97
0527031;733/4;219.95;153.97
05270311;733/4;219.95;153.97
05272311;Yezi/4;119.95;83.97
00183114;SPLUCT03/4;259.95;181.97
00183115;SPLUCT03/4;259.95;181.97
05272313;Yezi/4;119.95;83.97
05272314;Yezi/4;119.95;83.97
0527237;Yezi/4;119.95;83.97
0527257;Yedi/4;119.95;83.97
0527294;Tricot/4;249.95;174.97
0018365;43S4KSFE5B/4;224.95;157.47
0018366;43S4KSFE5B/4;224.95;157.47
05273418;HST115BL/4;59.95;41.97
05273426;HST115BL/4;59.95;41.97
05273410;HST115BL/4;59.95;41.97
05273419;HST115BL/4;59.95;41.97
05269310;Cal02/4;129.95;90.97
0527514;Koby/4;39.99;27.99
0527517;Koby/4;39.99;27.99
0527475;718/4;159.95;111.97
05274710;718/4;159.95;111.97
05274713;718/4;159.95;111.97
05274715;718/4;159.95;111.97
0527482;365Z10BK/4;179.95;125.97
0527483;365Z10BK/4;179.95;125.97
0527487;365Z10BK/4;179.95;125.97
0524431;Star/4;289.95;202.97
0524432;Star/4;289.95;202.97
0527941;APS4DS/4;55.95;39.17
0527355;Parioli/4;629.95;440.97
0527367;3820/4;89.95;62.97
05273820;Baltic Dip/4;54.95;38.47
0527384;Baltic Dip/4;54.95;38.47
05273821;Baltic Dip/4;54.95;38.47
05273822;Baltic Dip/4;54.95;38.47
05273823;Baltic Dip/4;54.95;38.47
05274015;Denim Crochet/4;54.95;38.47
0527415;Burlap Trim/4;84.95;59.47
0527417;Burlap Trim/4;84.95;59.47
0527433;Brown Woven/4;49.95;34.97
0527434;Brown Woven/4;49.95;34.97
0527437;Brown Woven/4;49.95;34.97
0527438;Brown Woven/4;49.95;34.97
0527439;Brown Woven/4;49.95;34.97
05274515;Sand Perf/4;74.95;52.47
05203138;MMFW/4;119.95;83.97
05203124;MMFW/4;119.95;83.97
05203125;MMFW/4;119.95;83.97
00266035;Telva/6;159.99;99.00
00266021;Telva/6;159.99;99.00
0026605;Telva/6;159.99;99.00
00266037;Telva/6;159.99;99.00
00266022;Telva/6;159.99;99.00
0026606;Telva/6;159.99;99.00
00266038;Telva/6;159.99;99.00
00266023;Telva/6;159.99;99.00
0026607;Telva/6;159.99;99.00
00266039;Telva/6;159.99;99.00
00266024;Telva/6;159.99;99.00
0026608;Telva/6;159.99;99.00
00266040;Telva/6;159.99;99.00
00266025;Telva/6;159.99;99.00
00266041;Telva/6;159.99;99.00
00266026;Telva/6;159.99;99.00
00266010;Telva/6;159.99;99.00
00266042;Telva/6;159.99;99.00
00266027;Telva/6;159.99;99.00
00266043;Telva/6;159.99;99.00
00266029;Telva/6;159.99;99.00
00266013;Telva/6;159.99;99.00
00266045;Telva/6;159.99;99.00
00278510;Verner/6;124.99;99.00
0027852;Verner/6;124.99;99.00
00278511;Verner/6;124.99;99.00
0027853;Verner/6;124.99;99.00
00278512;Verner/6;124.99;99.00
0028791;1H207K/6;319.99;219.00
00287941;1H207K/6;319.99;219.00
00287910;1H207K/6;319.99;219.00
00287918;1H207K/6;319.99;219.00
00287942;1H207K/6;319.99;219.00
0028793;1H207K/6;319.99;219.00
00287919;1H207K/6;319.99;219.00
00287943;1H207K/6;319.99;219.00
0028794;1H207K/6;319.99;219.00
00287936;1H207K/6;319.99;219.00
00287946;1H207K/6;319.99;219.00
00287915;1H207K/6;319.99;219.00
00287947;1H207K/6;319.99;219.00
00287939;1H207K/6;319.99;219.00
0029007;Zareich/6;169.99;129.00
0029008;Zareich/6;169.99;129.00
0029009;Zareich/6;169.99;129.00
0028789;1H2072/6;289.99;199.00
0028781;1H2072/6;289.99;199.00
00287810;1H2072/6;289.99;199.00
00287811;1H2072/6;289.99;199.00
0028783;1H2072/6;289.99;199.00
00287812;1H2072/6;289.99;199.00
0028784;1H2072/6;289.99;199.00
00287813;1H2072/6;289.99;199.00
0028785;1H2072/6;289.99;199.00
00287814;1H2072/6;289.99;199.00
0028786;1H2072/6;289.99;199.00
0028787;1H2072/6;289.99;199.00
05474719;23161763/6;119.99;89.00
0547473;23161763/6;119.99;89.00
05474721;23161763/6;119.99;89.00
0547475;23161763/6;119.99;89.00
05474722;23161763/6;119.99;89.00
0547476;23161763/6;119.99;89.00
05474723;23161763/6;119.99;89.00
0547477;23161763/6;119.99;89.00
05474724;23161763/6;119.99;89.00
0547478;23161763/6;119.99;89.00
05474725;23161763/6;119.99;89.00
0547479;23161763/6;119.99;89.00
05474727;23161763/6;119.99;89.00
05474711;23161763/6;119.99;89.00
05474728;23161763/6;119.99;89.00
05474712;23161763/6;119.99;89.00
05474730;23161763/6;119.99;89.00
05474714;23161763/6;119.99;89.00
00294111;40S6JCHS1L/6;184.99;149.00
0029414;40S6JCHS1L/6;184.99;149.00
0029416;40S6JCHS1L/6;184.99;149.00
0029419;40S6JCHS1L/6;184.99;149.00
0542389;Blair/6;109.99;87.99
05423813;Blair/6;109.99;87.99
0542873;M42461/6;224.99;179.99
0542875;M42461/6;224.99;179.99
0542902;Brooklyn Leo/6;129.99;103.99
0542923;SF1508S147/6;134.99;107.99
0542924;SF1508S147/6;134.99;107.99
0542925;SF1508S147/6;134.99;107.99
0542927;SF1508S147/6;134.99;107.99
0542943;SF15085S141/6;134.99;107.99
0542944;SF15085S141/6;134.99;107.99
0542945;SF15085S141/6;134.99;107.99
0542946;SF15085S141/6;134.99;107.99
0542952;SF1509S168/6;139.99;111.99
0542953;SF1509S168/6;139.99;111.99
0542954;SF1509S168/6;139.99;111.99
0542955;SF1509S168/6;139.99;111.99
0542956;SF1509S168/6;139.99;111.99
0542957;SF1509S168/6;139.99;111.99
0543023;KL57/6;159.99;127.99
05430211;KL57/6;159.99;127.99
0543024;KL57/6;159.99;127.99
05430212;KL57/6;159.99;127.99
0543025;KL57/6;159.99;127.99
0543026;KL57/6;159.99;127.99
05430214;KL57/6;159.99;127.99
0543027;KL57/6;159.99;127.99
0543032;KM01/6;149.99;119.99
05430312;KM01/6;149.99;119.99
0543034;KM01/6;149.99;119.99
05430314;KM01/6;149.99;119.99
05430315;KM01/6;149.99;119.99
05430316;KM01/6;149.99;119.99
0543037;KM01/6;149.99;119.99
0543144;4164/6;239.99;191.99
0543145;4164/6;239.99;191.99
0543146;4164/6;239.99;191.99
0543147;4164/6;239.99;191.99
0543148;4164/6;239.99;191.99
0025772;6229/6;259.99;207.99
0025773;6229/6;259.99;207.99
0025774;6229/6;259.99;207.99
0025776;6229/6;259.99;207.99
0025777;6229/6;259.99;207.99
0543231;15-D/6;199.99;159.99
0543232;15-D/6;199.99;159.99
0543233;15-D/6;199.99;159.99
0543234;15-D/6;199.99;159.99
0543235;15-D/6;199.99;159.99
0543237;15-D/6;199.99;159.99
0025781;6735/6;229.99;183.99
00257811;6735/6;229.99;183.99
0025782;6735/6;229.99;183.99
0025783;6735/6;229.99;183.99
0025784;6735/6;229.99;183.99
00257814;6735/6;229.99;183.99
0025785;6735/6;229.99;183.99
00257815;6735/6;229.99;183.99
0025786;6735/6;229.99;183.99
00257816;6735/6;229.99;183.99
0025787;6735/6;229.99;183.99
00257817;6735/6;229.99;183.99
0025788;6735/6;229.99;183.99
0025883;LU29946/6;289.99;231.99
0025884;LU29946/6;289.99;231.99
0025887;LU29946/6;289.99;231.99
0025912;LU30281F/6;289.99;231.99
0025916;LU30281F/6;289.99;231.99
0025924;LU30166F/6;299.99;239.99
0543754;FL4CHI/6;124.99;99.99
0026011;JA15233G/6;199.99;159.99
0026013;JA15233G/6;199.99;159.99
0026573;Ray Low Tex/6;169.99;135.99
0026574;Ray Low Tex/6;169.99;135.99
00265714;Ray Low Tex/6;169.99;135.99
0026575;Ray Low Tex/6;169.99;135.99
00265715;Ray Low Tex/6;169.99;135.99
0026576;Ray Low Tex/6;169.99;135.99
00265716;Ray Low Tex/6;169.99;135.99
0026577;Ray Low Tex/6;169.99;135.99
00265717;Ray Low Tex/6;169.99;135.99
0026583;Runcool Full/6;189.99;151.99
0026587;Runcool Full/6;189.99;151.99
0026593;Futesio/6;209.99;167.99
00265912;Futesio/6;209.99;167.99
0026594;Futesio/6;209.99;167.99
00265913;Futesio/6;209.99;167.99
0026595;Futesio/6;209.99;167.99
00265914;Futesio/6;209.99;167.99
00265916;Futesio/6;209.99;167.99
0026598;Futesio/6;209.99;167.99
00265917;Futesio/6;209.99;167.99
0544012;HV315FDM20/6;129.99;103.99
0544013;HV315FDM20/6;129.99;103.99
0544014;HV315FDM20/6;129.99;103.99
0544015;HV315FDM20/6;129.99;103.99
0544017;HV315FDM20/6;129.99;103.99
0543982;MMFW00465/6;139.99;111.99
0543985;MMFW00465/6;139.99;111.99
0543987;MMFW00465/6;139.99;111.99
0544102;MMFW00504/6;149.99;119.99
0544103;MMFW00504/6;149.99;119.99
0545734;MMFW00560/6;139.99;111.99
0545735;MMFW00560/6;139.99;111.99
0545736;MMFW00560/6;139.99;111.99
0545737;MMFW00560/6;139.99;111.99
0545742;MMFW00555/6;139.99;111.99
0545895;Wendy/6;139.99;111.99
0544105;MMFW00504/6;149.99;119.99
0544107;MMFW00504/6;149.99;119.99
0544112;MMFW00478/6;139.99;111.99
0544113;MMFW00478/6;139.99;111.99
0544114;MMFW00478/6;139.99;111.99
0544115;MMFW00478/6;139.99;111.99
0544182;MMFW00597/6;139.99;111.99
0544185;MMFW00597/6;139.99;111.99
0544186;MMFW00597/6;139.99;111.99
0545761;MMFW00562/6;139.99;111.99
0545762;MMFW00562/6;139.99;111.99
0545763;MMFW00562/6;139.99;111.99
0545764;MMFW00562/6;139.99;111.99
0545765;MMFW00562/6;139.99;111.99
0545766;MMFW00562/6;139.99;111.99
0545767;MMFW00562/6;139.99;111.99
0026991;2185190/6;259.99;207.99
0026995;2185190/6;259.99;207.99
0026997;2185190/6;259.99;207.99
0027039;3117020/6;214.99;171.99
00270312;3117020/6;214.99;171.99
00270313;3117020/6;214.99;171.99
0027081;632-D-SS/6;164.99;131.99
0027085;632-D-SS/6;164.99;131.99
0027174;43R5ALFP3L/6;159.99;127.99
00271721;43R5ALFP3L/6;159.99;127.99
00271714;43R5ALFP3L/6;159.99;127.99
0532363;50271757/5;279.95;223.96
0026443;FLGL01LEA12/6;139.99;111.99
0026521;FL3SUPFAM12/6;119.99;95.99
0026522;FL3SUPFAM12/6;119.99;95.99
00265211;FL3SUPFAM12/6;119.99;95.99
00265612;Gym Soft/6;189.99;151.99
00265613;Gym Soft/6;189.99;151.99
0026564;Gym Soft/6;189.99;151.99
0026565;Gym Soft/6;189.99;151.99
00265615;Gym Soft/6;189.99;151.99
00265616;Gym Soft/6;189.99;151.99
0536455;Albert/5;279.95;223.96
0536452;Albert/5;279.95;223.96
0026203;0012009558/6;499.99;399.99
0026204;0012009558/6;499.99;399.99
0026205;0012009558/6;499.99;399.99
0027907;NOAH Velcro/6;169.99;135.99
05448511;Sonic/6;294.99;235.99
05448512;Sonic/6;294.99;235.99
0544853;Sonic/6;294.99;235.99
05448513;Sonic/6;294.99;235.99
0544854;Sonic/6;294.99;235.99
05448514;Sonic/6;294.99;235.99
0544855;Sonic/6;294.99;235.99
05448515;Sonic/6;294.99;235.99
0544856;Sonic/6;294.99;235.99
05448516;Sonic/6;294.99;235.99
05448612;Velvet/6;144.99;115.99
0544863;Velvet/6;144.99;115.99
05448613;Velvet/6;144.99;115.99
0544864;Velvet/6;144.99;115.99
05448614;Velvet/6;144.99;115.99
0544865;Velvet/6;144.99;115.99
0544866;Velvet/6;144.99;115.99
0025841;JA15203G/6;209.99;167.99
00271722;43R5ALFP3L/6;159.99;127.99
00271723;43R5ALFP3L/6;159.99;127.99
0027177;43R5ALFP3L/6;159.99;127.99
0531364;56101/5;274.95;219.96
0531365;56101/5;274.95;219.96
0531367;56101/5;274.95;219.96
0545133;Lunatic/6;194.99;155.99
0545137;Lunatic/6;194.99;155.99
0544956;3110/6;159.99;127.99
05449516;3110/6;159.99;127.99
05449610;3132/6;159.99;127.99
05449615;3132/6;159.99;127.99
0544967;3132/6;159.99;127.99
0544968;3132/6;159.99;127.99
0027443;SLIT1/6;199.99;159.99
00274412;SLIT1/6;199.99;159.99
0027444;SLIT1/6;199.99;159.99
00274413;SLIT1/6;199.99;159.99
0027445;SLIT1/6;199.99;159.99
0027446;SLIT1/6;199.99;159.99
00274415;SLIT1/6;199.99;159.99
0532367;50271757/5;279.95;223.96
05323613;50271757/5;279.95;223.96
0532398;50272164/5;319.95;255.96
0532399;50272164/5;319.95;255.96
05323911;50272164/5;319.95;255.96
00183114;SPLUCT03/4;259.95;207.96
00183115;SPLUCT03/4;259.95;207.96
0529681;LU27498/5;339.95;271.96
0529682;LU27498/5;339.95;271.96
0529683;LU27498/5;339.95;271.96
0529686;LU27498/5;339.95;271.96
0529716;LU27331/5;229.95;183.96
05332511;13106/5;199.95;159.96
0533253;13106/5;199.95;159.96
0533255;13106/5;199.95;159.96
0533256;13106/5;199.95;159.96
0533257;13106/5;199.95;159.96
0533258;13106/5;199.95;159.96
0020161;14656/5;189.95;151.96
00201611;14656/5;189.95;151.96
00201612;14656/5;189.95;151.96
0020165;14656/5;189.95;151.96
0020166;14656/5;189.95;151.96
00201616;14656/5;189.95;151.96
0533441;FL1MY2/5;134.95;107.96
0533442;FL1MY2/5;134.95;107.96
0533443;FL1MY2/5;134.95;107.96
0533444;FL1MY2/5;134.95;107.96
0020441;1200898801/5;189.95;151.96
00204410;1200898801/5;189.95;151.96
00204411;1200898801/5;189.95;151.96
0020443;1200898801/5;189.95;151.96
00204412;1200898801/5;189.95;151.96
0020444;1200898801/5;189.95;151.96
00204413;1200898801/5;189.95;151.96
00204414;1200898801/5;189.95;151.96
0020447;1200898801/5;189.95;151.96
00204416;1200898801/5;189.95;151.96
0534632;MMFW00378/5;119.95;95.96
0534633;MMFW00378/5;119.95;95.96
0534664;MMFW00367/5;119.95;95.96
0534666;MMFW00367/5;119.95;95.96
0534672;MMFW00379/5;119.95;95.96
0534726;MMFW00400/5;149.95;119.96
0534734;MMFW00372/5;149.95;119.96
0534735;MMFW00372/5;149.95;119.96
0534737;MMFW00372/5;149.95;119.96
0535555;23990506/5;99.95;79.96
0535558;23990506/5;99.95;79.96
05355512;23990506/5;99.95;79.96
05355612;23154213/5;99.95;79.96
0535702;SRLUOT01/5;294.95;235.96
0535707;SRLUOT01/5;294.95;235.96
0535708;SRLUOT01/5;294.95;235.96
0535712;TELUYM02/5;259.95;207.96
0535713;TELUYM02/5;259.95;207.96
0535714;TELUYM02/5;259.95;207.96
0535715;TELUYM02/5;259.95;207.96
0535716;TELUYM02/5;259.95;207.96
0535737;TRLUWT08/5;219.95;175.96
0535738;TRLUWT08/5;219.95;175.96
0535744;TRLUWT39/5;219.95;175.96
05359719;SS1S10S1Q2/5;109.95;87.96
0535973;SS1S10S1Q2/5;109.95;87.96
0535974;SS1S10S1Q2/5;109.95;87.96
05359722;SS1S10S1Q2/5;109.95;87.96
05359714;SS1S10S1Q2/5;109.95;87.96
05359723;SS1S10S1Q2/5;109.95;87.96
0535992;1313/5;189.95;151.96
0535993;1313/5;189.95;151.96
0535994;1313/5;189.95;151.96
0536032;1200/5;229.95;183.96
0536034;1200/5;229.95;183.96
0536035;1200/5;229.95;183.96
00217215;43S5IRFS2L/5;139.95;111.96
0537134;JM11/5;129.95;103.96
0537135;JM11/5;129.95;103.96
0537136;JM11/5;129.95;103.96
0537137;JM11/5;129.95;103.96
05379210;Cozumel/5;219.95;175.96
0537927;Cozumel/5;199.95;175.96
05379216;Cozumel/5;219.95;175.96
0022032;6506/5;149.95;119.96
0022033;6506/5;149.95;119.96
00220314;6506/5;149.95;119.96
0022075;A6566/5;149.95;119.96
0022077;A6566/5;149.95;119.96
0539294;jm10/5;139.95;111.96
0539296;jm10/5;139.95;111.96
0539864;MMFW00524/6;139.99;111.99
0539865;MMFW00524/6;139.99;111.99
0539866;MMFW00524/6;139.99;111.99
05396420;Flamec/5;199.95;159.96
05396422;Flamec/5;199.95;159.96
05396423;Flamec/5;199.95;159.96
05396424;Flamec/5;199.95;159.96
0539647;Flamec/5;199.95;159.96
05396428;Flamec/5;199.95;159.96
05396430;Flamec/5;199.95;159.96
0539701;Spacit/5;149.95;119.96
0539706;Spacit/5;149.95;119.96
0539707;Spacit/5;149.95;119.96
0539708;Spacit/5;149.95;119.96
0539715;Metro Digital/5;154.95;123.96
0539716;Metro Digital/5;154.95;123.96
0539717;Metro Digital/5;154.95;123.96
0539727;Gym Twist/5;239.95;191.96
0539761;Thatoz/5;179.95;143.96
0539762;Thatoz/5;179.95;143.96
0539764;Thatoz/5;179.95;143.96
0539765;Thatoz/5;179.95;143.96
0539766;Thatoz/5;179.95;143.96
0539767;Thatoz/5;179.95;143.96
0540422;91010/6;189.95;151.96
0540423;91010/6;189.95;151.96
0540425;91010/6;189.95;151.96
0540426;91010/6;189.95;151.96
0540427;91010/6;189.95;151.96
05404312;9102/6;239.95;191.96
0540433;9102/6;239.95;191.96
05404313;9102/6;239.95;191.96
05404314;9102/6;239.95;191.96
0540435;9102/6;239.95;191.96
05404315;9102/6;239.95;191.96
0540436;9102/6;239.95;191.96
05404316;9102/6;239.95;191.96
0540691;1200936504/6;199.99;159.99
0540695;1200936504/6;199.99;159.99
0540697;1200936504/6;199.99;159.99
0540698;1200936504/6;199.99;159.99
0540672;1200959601/6;189.99;151.99
0540673;1200959601/6;189.99;151.99
0540674;1200959601/6;189.99;151.99
0540675;1200959601/6;189.99;151.99
0540676;1200959601/6;189.99;151.99
0541011;234V10BK/6;219.99;175.99
05410110;234V10BK/6;219.99;175.99
05410126;234V10BK/6;219.99;175.99
0541012;234V10BK/6;219.99;175.99
05410111;234V10BK/6;219.99;175.99
0541013;234V10BK/6;219.99;175.99
05410112;234V10BK/6;219.99;175.99
05410120;234V10BK/6;219.99;175.99
05410113;234V10BK/6;219.99;175.99
0541015;234V10BK/6;219.99;175.99
05410130;234V10BK/6;219.99;175.99
0541016;234V10BK/6;219.99;175.99
05410115;234V10BK/6;219.99;175.99
0541017;234V10BK/6;219.99;175.99
0541081;43T5PHFE5L/6;224.99;179.99
0541083;43T5PHFE5L/6;224.99;179.99
0541084;43T5PHFE5L/6;224.99;179.99
0541089;43T5PHFE5L/6;224.99;179.99
05410811;43T5PHFE5L/6;224.99;179.99
0029158;40S6HOMA1M/6;174.99;139.99
0022793;15511W-2/6;239.99;191.99
0022794;15511W-2/6;239.99;191.99
0022802;001200937501/6;189.99;151.99
0022803;001200937501/6;189.99;151.99
0022804;001200937501/6;189.99;151.99
0022805;001200937501/6;189.99;151.99
0022807;001200937501/6;189.99;151.99
0023062;S65107P/6;155.99;124.79
0023067;S65107P/6;155.99;124.79
0023089;S65121T/6;184.99;147.99
0023082;S65121T/6;184.99;147.99
00230810;S65121T/6;184.99;147.99
0023083;S65121T/6;184.99;147.99
00230811;S65121T/6;184.99;147.99
0023084;S65121T/6;184.99;147.99
00230812;S65121T/6;184.99;147.99
0023085;S65121T/6;184.99;147.99
00230813;S65121T/6;184.99;147.99
0023086;S65121T/6;184.99;147.99
00230814;S65121T/6;184.99;147.99
0023087;S65121T/6;184.99;147.99
00230815;S65121T/6;184.99;147.99
0023181;Guns/6;199.99;159.99
00231818;Guns/6;199.99;159.99
00231810;Guns/6;199.99;159.99
0026523;FL3SUPFAM12/6;119.99;95.99
00265212;FL3SUPFAM12/6;119.99;95.99
0026524;FL3SUPFAM12/6;119.99;95.99
00265213;FL3SUPFAM12/6;119.99;95.99
0026525;FL3SUPFAM12/6;119.99;95.99
00265215;FL3SUPFAM12/6;119.99;95.99
00231812;Guns/6;199.99;159.99
00231821;Guns/6;199.99;159.99
0023185;Guns/6;199.99;159.99
00231822;Guns/6;199.99;159.99
00231814;Guns/6;199.99;159.99
0023187;Guns/6;199.99;159.99
0023193;Matrix/6;199.99;159.99
0023194;Matrix/6;199.99;159.99
0023195;Matrix/6;199.99;159.99
0023196;Matrix/6;199.99;159.99
0023197;Matrix/6;199.99;159.99
0023198;Matrix/6;199.99;159.99
0023251;2525003/6;149.99;119.99
0023255;2525003/6;149.99;119.99
0023291;Cali-2/6;229.99;183.99
0023292;Cali-2/6;229.99;183.99
0023293;Cali-2/6;229.99;183.99
0023294;Cali-2/6;229.99;183.99
0023295;Cali-2/6;229.99;183.99
0023296;Cali-2/6;229.99;183.99
0023301;Caluuomo/6;249.99;199.99
0023306;Caluuomo/6;249.99;199.99
0023307;Caluuomo/6;249.99;199.99
0023308;Caluuomo/6;249.99;199.99
00233110;Ayumiuom/6;269.99;215.99
00233111;Ayumiuom/6;269.99;215.99
0023312;Ayumiuom/6;269.99;215.99
00233112;Ayumiuom/6;269.99;215.99
0023313;Ayumiuom/6;269.99;215.99
00233113;Ayumiuom/6;269.99;215.99
0023315;Ayumiuom/6;269.99;215.99
00233115;Ayumiuom/6;269.99;215.99
00233116;Ayumiuom/6;269.99;215.99
0023317;Ayumiuom/6;269.99;215.99
0541491;Eva/6;219.99;175.99
05414920;Eva/6;189.99;175.99
0541494;Eva/6;219.99;175.99
0541495;Eva/6;219.99;175.99
05414926;Eva/6;189.99;175.99
05414910;Eva/6;219.99;175.99
05414911;Eva/6;219.99;175.99
0024481;630-D-Fw/6;169.99;135.99
0024482;630-D-Fw/6;169.99;135.99
0024483;630-D-Fw/6;169.99;135.99
0024484;630-D-Fw/6;169.99;135.99
0024486;630-D-Fw/6;169.99;135.99
0024487;630-D-Fw/6;169.99;135.99
0024641;00023080/6;189.99;151.99
0024645;00023080/6;189.99;151.99
0024647;00023080/6;189.99;151.99
0024648;00023080/6;189.99;151.99
0024649;00023080/6;189.99;151.99
00246920;00023492/6;199.99;159.99
0024698;00023492/6;199.99;159.99
00246927;00023492/6;199.99;159.99
00246928;00023492/6;199.99;159.99
00246911;00023492/6;199.99;159.99
00246930;00023492/6;199.99;159.99
00246932;00023492/6;199.99;159.99
00246915;00023492/6;199.99;159.99
0024745;Runner1/6;229.99;183.99
0024746;Runner1/6;229.99;183.99
0542393;Callie/6;189.99;151.99
0542395;Callie/6;189.99;151.99
0542396;Callie/6;189.99;151.99
0542397;Callie/6;189.99;151.99
0542398;Callie/6;189.99;151.99
0542399;Callie/6;189.99;151.99
0542449;2988/6;159.99;127.99
05424415;2988/6;159.99;127.99
05428041;Edgar/6;169.99;135.99
05428018;Edgar/6;169.99;135.99
05428042;Edgar/6;169.99;135.99
05428019;Edgar/6;169.99;135.99
05428044;Edgar/6;169.99;135.99
05428045;Edgar/6;169.99;135.99
05428022;Edgar/6;169.99;135.99
05428046;Edgar/6;169.99;135.99
0025192;B55G5/6;189.99;151.99
0025193;B55G5/6;189.99;151.99
0025194;B55G5/6;189.99;151.99
0025464;B6596/6;239.99;191.99
0025465;B6596/6;239.99;191.99
0025472;B6580/6;259.99;207.99
0025473;B6580/6;259.99;207.99
0025474;B6580/6;259.99;207.99
0025476;B6580/6;259.99;207.99
0025481;06565/6;134.99;107.99
00254812;06565/6;134.99;107.99
0025485;06565/6;134.99;107.99
0025486;06565/6;134.99;107.99
00254815;06565/6;134.99;107.99
0023692;Hop/6;224.99;179.99
0023693;Hop/6;224.99;179.99
0023694;Hop/6;224.99;179.99
0023695;Hop/6;224.99;179.99
0023696;Hop/6;224.99;179.99
0023697;Hop/6;224.99;179.99
0023703;Liu/6;224.99;179.99
0023704;Liu/6;224.99;179.99
0023706;Liu/6;224.99;179.99
0023707;Liu/6;224.99;179.99
0023732;M42411/6;224.99;179.99
0023733;M42411/6;224.99;179.99
0541842;Jimmy Fantasy/6;149.99;119.99
0541844;Jimmy Fantasy/6;149.99;119.99
0541845;Jimmy Fantasy/6;149.99;119.99
0541847;Jimmy Fantasy/6;149.99;119.99
0548645;FLFHE2LEA12/6;129.99;103.99
0535194;5378/5;89.95;53.97
0535143;5276/5;109.95;65.97
0535144;5276/5;109.95;65.97
05352210;4180/5;69.95;41.97
05352215;4180/5;69.95;41.97
0030151;KV6061/6;69.99;41.99
0030152;KV6061/6;69.99;41.99
0549135;KV5278/6;99.99;59.99
05491315;KV5278/6;99.99;59.99
05491323;KV5278/6;99.99;59.99
05491410;KV5239/6;99.99;59.99
0549142;KV5239/6;99.99;59.99
05491415;KV5239/6;99.99;59.99
0549151;KV4466/6;169.99;101.99
0549152;KV4466/6;169.99;101.99
0549155;KV4466/6;169.99;101.99
0549156;KV4466/6;169.99;101.99
0549177;KV5241/6;109.99;65.99
0549185;KV6550/6;139.99;83.99
0549208;KV6587/6;94.99;56.99
0549218;KV6223/6;109.99;65.99
0549222;KV5326/6;99.99;59.99
0549235;KV6548/6;99.99;59.99
0549237;KV6548/6;99.99;59.99
0549244;KV6421/6;99.99;59.99
0549246;KV6421/6;99.99;59.99
0549247;KV6421/6;99.99;59.99
0549261;KV6382/6;99.99;59.99
0549262;KV6382/6;99.99;59.99
0549264;KV6382/6;99.99;59.99
0549265;KV6382/6;99.99;59.99
0549266;KV6382/6;99.99;59.99
05492712;KV6079/6;69.99;41.99
05492817;KV6144/6;69.99;41.99
05492810;KV6144/6;69.99;41.99
05492811;KV6144/6;69.99;41.99
05492820;KV6144/6;69.99;41.99
05492812;KV6144/6;69.99;41.99
05492821;KV6144/6;69.99;41.99
05492813;KV6144/6;69.99;41.99
05492822;KV6144/6;69.99;41.99
05492814;KV6144/6;69.99;41.99
0549309;KV6063/6;84.99;50.99
0549302;KV6063/6;84.99;50.99
0549303;KV6063/6;84.99;50.99
05493014;KV6063/6;84.99;50.99
0549306;KV6063/6;84.99;50.99
05493015;KV6063/6;84.99;50.99
0549307;KV6063/6;84.99;50.99
05493016;KV6063/6;84.99;50.99
0549308;KV6063/6;84.99;50.99
05493217;KV6064/6;79.99;47.99
0549321;KV6064/6;79.99;47.99
0549329;KV6064/6;79.99;47.99
05493218;KV6064/6;79.99;47.99
0549322;KV6064/6;79.99;47.99
05493210;KV6064/6;79.99;47.99
05493219;KV6064/6;79.99;47.99
05493211;KV6064/6;79.99;47.99
05493220;KV6064/6;79.99;47.99
0549324;KV6064/6;79.99;47.99
05493212;KV6064/6;79.99;47.99
05493221;KV6064/6;79.99;47.99
0549325;KV6064/6;79.99;47.99
05493213;KV6064/6;79.99;47.99
0549326;KV6064/6;79.99;47.99
05493214;KV6064/6;79.99;47.99
05493223;KV6064/6;79.99;47.99
0549327;KV6064/6;79.99;47.99
05493215;KV6064/6;79.99;47.99
05493224;KV6064/6;79.99;47.99
0549331;KV6374/6;109.99;65.99
0549332;KV6374/6;109.99;65.99
0549333;KV6374/6;109.99;65.99
0549334;KV6374/6;109.99;65.99
0549335;KV6374/6;109.99;65.99
0549336;KV6374/6;109.99;65.99
0549337;KV6374/6;109.99;65.99
0549338;KV6374/6;109.99;65.99
0030156;KV6061/6;69.99;41.99
00301610;KV6071/6;99.99;59.99
0030162;KV6071/6;99.99;59.99
00301611;KV6071/6;99.99;59.99
0030163;KV6071/6;99.99;59.99
00301612;KV6071/6;99.99;59.99
0030164;KV6071/6;99.99;59.99
00301613;KV6071/6;99.99;59.99
00301614;KV6071/6;99.99;59.99
00301615;KV6071/6;99.99;59.99
0030167;KV6071/6;99.99;59.99
00301616;KV6071/6;99.99;59.99
0526774;X1005/4;159.95;63.98
0526776;X1005/4;159.95;63.98
05267727;X1005/4;159.95;63.98
05267820;X1044/4;114.95;45.98
05267829;X1044/4;114.95;45.98
0526797;X1052/4;139.95;55.98
0526809;X1001B/4;124.95;49.98
0527464;X1045/4;124.95;49.98
0020473;193Z00/5;199.95;99.98
00204712;193Z00/5;199.95;99.98
0020477;193Z00/5;199.95;99.98
00204821;220Z01/5;189.95;94.98
0020453;1200898804/5;154.95;77.48
00204823;220Z01/5;189.95;94.98
00204840;220Z01/5;189.95;94.98
00204824;220Z01/5;189.95;94.98
00204843;220Z01/5;189.95;94.98
0020524;179Z97/5;169.95;84.98
0020537;172Z97/5;169.95;84.98
0020544;233Z10/5;189.95;94.98
0020545;233Z10/5;189.95;94.98
0020917;32T4GTVE9L/5;139.95;69.98
0020915;32T4GTVE9L/5;139.95;69.98
0020984;40S4DKFA4Q/5;74.95;37.48
0535765;S15133T/5;179.95;89.98
0535776;S15137T/5;169.95;84.98
0535781;S15143T/5;159.95;79.98
0535782;S15143T/5;159.95;79.98
0535783;S15143T/5;159.95;79.98
0535784;S15143T/5;159.95;79.98
0535786;S15143T/5;159.95;79.98
0535796;S15157T/5;189.95;94.98
0535797;S15157T/5;189.95;94.98
0535801;S15161T/5;169.95;84.98
0535802;S15161T/5;169.95;84.98
0535803;S15161T/5;169.95;84.98
0535805;S15161T/5;169.95;84.98
0535806;S15161T/5;169.95;84.98
0535807;S15161T/5;169.95;84.98
0535983;SS1510S198/5;124.95;62.48
0535984;SS1510S198/5;124.95;62.48
0536912;Gelati/5;199.95;99.98
0536914;Gelati/5;199.95;99.98
0536915;Gelati/5;199.95;99.98
0536916;Gelati/5;199.95;99.98
0536935;Nuts/5;299.95;149.98
00217413;43S5OLFP1L/5;139.95;69.98
00217415;43S5OLFP1L/5;139.95;69.98
0020943;40R5MGFA1M/5;119.95;59.98
0536948;Tasselites/5;319.95;159.98
0536958;Country/5;289.95;144.98
0536961;Countryon/5;589.95;294.98
0536975;Heist/5;559.95;279.98
0536976;Heist/5;559.95;279.98
0536979;Heist/5;559.95;279.98
05369710;Heist/5;559.95;279.98
05369711;Heist/5;559.95;279.98
0536986;Firstglass/5;299.95;149.98
0536989;Firstglass/5;299.95;149.98
05369813;Firstglass/5;299.95;149.98
05369910;Tablet/5;299.95;149.98
05369913;Tablet/5;299.95;149.98
0537003;Rialto/5;279.95;139.98
0537009;Rialto/5;279.95;139.98
05370010;Rialto/5;279.95;139.98
05370015;Rialto/5;279.95;139.98
0537017;Maxwell/5;319.95;159.98
0537018;Maxwell/5;319.95;159.98
05370110;Maxwell/5;319.95;159.98
05370111;Maxwell/5;319.95;159.98
05370113;Maxwell/5;319.95;159.98
0537028;Daisysling/5;329.95;164.98
0537031;Fortuna/5;589.95;294.98
0537042;Bambolea/5;449.95;224.98
0537051;Tampa/5;459.95;229.98
0537389;40S5BEHA1L/5;169.95;84.98
0537361;40S5AVHS1L/5;184.95;92.48
0537368;40S5AVHS1L/5;184.95;92.48
0537369;40S5AVHS1L/5;184.95;92.48
05374611;40S5SMFA1L/5;109.95;54.98
0537622;Hop/5;149.95;74.98
0537626;Hop/5;149.95;74.98
0537627;Hop/5;149.95;74.98
0537662;Uela/5;159.95;79.98
0537664;Uela/5;159.95;79.98
0021943;1006660/5;109.95;54.98
0021997;40H3MKFA1Q/5;34.95;17.48
0021994;40H3MKFA1Q/5;34.95;17.48
05374711;40S2SDFA2L/5;109.95;54.98
0538272;1006691/5;89.95;44.98
0538274;1006691/5;89.95;44.98
05382712;1006691/5;89.95;44.98
0538289;1007645/5;109.95;54.98
05382812;1007645/5;109.95;54.98
0538309;1007086/5;119.95;59.98
05383012;1007086/5;119.95;59.98
0538315;1006953/5;119.95;59.98
0538333;1007143/5;119.95;59.98
05382912;1007066/5;109.95;54.98
0538304;1007086/5;119.95;59.98
0538307;1007086/5;119.95;59.98
0021944;1006660/5;109.95;54.98
0021945;1006660/5;109.95;54.98
0021947;1006660/5;109.95;54.98
0021948;1006660/5;109.95;54.98
0538642;1006715/5;89.95;44.98
0538953;1200900301/5;214.95;107.48
0537455;40S5ODHA1E/5;184.95;92.48
05391718;1007563/5;39.95;19.98
05391734;1007563/5;39.95;19.98
05391710;1007563/5;39.95;19.98
05391743;1007563/5;39.95;19.98
05391711;1007563/5;39.95;19.98
05391736;1007563/5;39.95;19.98
05391713;1007563/5;39.95;19.98
05391714;1007563/5;39.95;19.98
0538613;1006873/5;59.95;29.98
0530382;A7AF1/5;254.95;127.49
0530381;A7AF1/5;254.95;127.49
0530392;A7AF6/5;129.95;64.99
0530391;A7AF6/5;129.95;64.99
05246911;CTS4MG/4;249.95;124.99
0524705;CPS4AC/4;329.95;164.99
05247021;CPS4AC/4;329.95;164.99
05247022;CPS4AC/4;329.95;164.99
05247023;CPS4AC/4;329.95;164.99
05247024;CPS4AC/4;329.95;164.99
0524722;APS4DN/4;89.95;44.99
00165110;13M017/4;159.95;79.99
00165112;13M017/4;159.95;79.99
0016522;13M003/4;189.95;94.99
0016523;13M003/4;189.95;94.99
0016532;13M004/4;139.95;69.99
0016545;13M023/4;199.95;99.99
0546206;SS16M022/6;129.99;64.99
05462214;SS16M026/6;29.99;14.99
05462320;SS16M023/6;119.99;59.99
0546222;SS16M026/6;29.99;14.99
05462219;SS16M026/6;29.99;14.99
0545202;SS16M001/6;119.99;59.99
0545204;SS16M001/6;119.99;59.99
0524322;14M0006/4;159.95;79.99
0524326;14M0006/4;159.95;79.99
0524362;14M0046/4;99.95;49.99
0524384;14M0057/4;169.95;84.99
05318810;14M011/5;179.95;89.99
0531883;14M011/5;179.95;89.99
05318814;14M011/5;179.95;89.99
0534162;Leila/5;89.95;44.99
0534164;Leila/5;89.95;44.99
0534175;Alisa/5;99.95;49.99
0534124;Lace Rain/5;89.95;44.99
0534126;Lace Rain/5;89.95;44.99
05341314;Prissy/5;79.95;39.99
0544814;SS16M004/6;169.95;84.99
0544815;SS16M004/6;169.95;84.99
0544816;SS16M004/6;169.95;84.99
0541331;AW15M015/6;49.99;24.99
0546731;AS16M031/6;69.99;34.99
0542474;Krystal/6;79.99;39.99
0542476;Krystal/6;79.99;39.99
0542482;London High/6;189.99;94.99
0542483;London High/6;189.99;94.99
0542484;London High/6;189.99;94.99
0542486;London High/6;189.99;94.99
0542487;London High/6;189.99;94.99
0542492;Carmen Dore/6;159.99;79.99
0542493;Carmen Dore/6;159.99;79.99
0542495;Carmen Dore/6;159.99;79.99
0542496;Carmen Dore/6;159.99;79.99
0542497;Carmen Dore/6;159.99;79.99
0542506;Carmen/6;159.99;79.99
0542516;Nina/6;219.99;109.99
0542531;Handsome/6;59.99;29.99
0541522;Charliebuckle/6;179.99;89.99
0541527;Charliebuckle/6;179.99;89.99
0541532;Cameron/6;169.99;84.99
0541534;Cameron/6;169.99;84.99
0541535;Cameron/6;169.99;84.99
0541542;Macy/6;189.99;94.99
05415411;Macy/6;189.99;94.99
0541543;Macy/6;189.99;94.99
05415412;Macy/6;189.99;94.99
0541544;Macy/6;189.99;94.99